filename,x,y,mean_brightness,median_brightness,std_brightness,min_brightness,max_brightness,valid_ratio,valid_mean,valid_median,valid_std,is_valid,region_type
0000_0984_0999.png,984,999,58.842283255208336,38.0,64.19090449293515,3,255,0.5787229817708334,92.37573059847443,61.0,66.52479356282515,True,half_bg
0000_0984_1000.png,984,1000,53.41452989583333,36.0,56.249886938236834,3,253,0.5572380338541667,85.70666693367056,60.0,57.4199634293821,True,half_bg
0000_0985_0997.png,985,997,40.283745078125,15.0,50.43001488507383,3,235,0.3984878515625,81.75920173747977,57.0,59.04691218857845,True,half_bg
0000_0985_0998.png,985,998,82.48340670572917,40.0,81.35760256968348,4,246,0.6132717057291667,124.0466277744832,76.0,79.19766047642702,True,normal
0000_0985_0999.png,985,999,80.90324037760416,34.0,81.0252234679497,4,245,0.5228156510416667,138.44581386015756,190.0,74.4313856783539,True,half_bg
0000_0985_1000.png,985,1000,81.8055094921875,36.0,81.42691515035636,4,237,0.5430668880208334,135.83111076542352,191.0,75.82556603303695,True,half_bg
0000_0985_1001.png,985,1001,79.33734776041666,41.0,77.85141744457302,4,245,0.6322035286458333,116.31400318137428,66.0,76.30645729146073,True,normal
0000_0985_1002.png,985,1002,36.590012591145836,15.0,46.39971114312812,3,230,0.35949247395833334,79.0253110015994,58.0,56.084957230089785,True,half_bg
0000_0986_0997.png,986,997,80.61311524739584,38.0,81.22576989650125,4,255,0.5763392578125,127.56889436978251,121.0,78.61880466304692,True,half_bg
0000_0986_0998.png,986,998,82.53763473958334,31.0,81.2699257512961,4,255,0.5093855338541666,144.20157873013312,192.0,71.64188215090194,True,half_bg
0000_0986_0999.png,986,999,80.47881998697916,31.0,79.86321907904453,4,251,0.5025213151041666,142.0785121132792,190.0,70.56589981075722,True,half_bg
0000_0986_1000.png,986,1000,79.38315834635416,30.0,78.88290916025623,4,242,0.497633828125,141.12819795282246,189.0,69.49456669607815,True,half_bg
0000_0986_1001.png,986,1001,81.81663029947917,31.0,80.70125534567624,4,250,0.50851078125,143.0916412426523,190.0,71.31471344612366,True,half_bg
0000_0986_1002.png,986,1002,77.06950595052083,41.0,75.69019250804293,4,254,0.6213490364583333,114.30332553458216,66.0,74.23504621708064,True,normal
0000_0987_0996.png,987,996,65.9627882421875,36.0,69.54489329170295,3,237,0.5570404036458333,106.57913730403168,64.0,70.03186865882017,True,half_bg
0000_0987_0997.png,987,997,80.82713252604167,30.0,80.13330286634086,4,255,0.49865880208333335,143.65890000876308,191.0,70.11978829160304,True,half_bg
0000_0987_0998.png,987,998,82.1681090625,31.0,80.4627439305139,4,253,0.5070808723958333,144.01144908493933,192.0,70.19178351400666,True,half_bg
0000_0987_0999.png,987,999,80.63698756510416,30.0,80.12785804985049,5,253,0.4985150911458333,143.42791225368026,192.0,70.23061975475312,True,half_bg
0000_0987_1000.png,987,1000,79.88838743489583,30.0,79.44303236614616,4,249,0.49856083333333334,141.9980107064417,190.0,69.86693822066775,True,half_bg
0000_0987_1001.png,987,1001,81.24000391927083,31.0,79.52089010132336,4,235,0.5088436588541667,141.89946153698722,190.0,69.67470095894397,True,half_bg
0000_0987_1002.png,987,1002,79.59059131510416,34.0,77.23200503586243,4,231,0.516805390625,136.92826001304994,184.0,68.27021231922403,True,half_bg
0000_0987_1003.png,987,1003,60.207719583333336,33.0,67.43923512960659,3,240,0.5205065494791666,103.16280379717244,62.0,69.64012190828767,True,half_bg
0000_0988_0995.png,988,995,31.407983372395833,14.0,40.647039026701066,2,228,0.27221506510416665,80.10017962685275,59.0,52.62955876878398,True,normal
0000_0988_0996.png,988,996,80.63946479166667,34.0,80.35149037046033,4,255,0.5193582942708334,138.91165337071988,188.0,72.71062306985276,True,normal
0000_0988_0997.png,988,997,80.80799834635417,31.0,80.03745869066103,5,255,0.5002263802083333,143.2677540059597,191.0,70.11345650798809,True,normal
0000_0988_0998.png,988,998,81.90652459635416,31.0,81.22070258469525,5,241,0.503593671875,144.49688287261603,195.0,71.58916916229445,True,normal
0000_0988_0999.png,988,999,79.62755677083334,30.0,79.7079187429825,5,255,0.494285859375,142.59376603777642,192.0,70.21297743677796,True,normal
0000_0988_1000.png,988,1000,78.79778921875,30.0,78.85515145312819,5,255,0.4937010546875,141.16318297481018,190.0,69.49466960635105,True,normal
0000_0988_1001.png,988,1001,80.3152639453125,31.0,79.57451307685288,5,248,0.502394140625,141.83313708552305,191.0,70.12692163994645,True,normal
0000_0988_1002.png,988,1002,79.76662967447916,32.0,77.38474868041006,4,234,0.5091829166666667,139.01867534505854,184.0,67.30487483927149,True,normal
0000_0988_1003.png,988,1003,78.14858678385417,37.0,76.16403110639892,4,237,0.5638901171875,125.42956186448578,175.0,71.40162112806401,True,normal
0000_0988_1004.png,988,1004,24.328717278645833,14.0,32.27156900237732,2,218,0.17856557291666666,76.99672892398597,58.0,49.0912516641581,True,normal
0000_0989_0995.png,989,995,57.80371884114583,28.0,67.53278783337633,2,238,0.46418140625,107.58471984675532,62.0,71.6829865202991,True,normal
0000_0989_0996.png,989,996,81.06273649739583,30.0,80.85017741846981,4,255,0.4967528125,144.80902696302465,192.0,70.6954892134819,True,normal
0000_0989_0997.png,989,997,79.66389825520834,30.0,80.59350944511381,4,234,0.4882213411458333,144.15189778351206,195.0,71.34310689315747,True,normal
0000_0989_0998.png,989,998,80.664901875,30.0,80.79554008599908,5,235,0.4965277604166667,144.01843219470044,195.0,71.35907324652365,True,normal
0000_0989_0999.png,989,999,78.51855759114584,30.0,78.88492202874005,4,255,0.48999760416666666,141.49531165330953,190.0,69.56597444179907,True,normal
0000_0989_1000.png,989,1000,77.79645923177084,30.0,78.14134045927848,4,254,0.488488359375,140.51482291271336,188.0,68.74915151265446,True,normal
0000_0989_1001.png,989,1001,79.78823,30.0,79.39627867508332,5,250,0.49811174479166664,141.95962379488245,191.0,69.81473978057701,True,normal
0000_0989_1002.png,989,1002,79.57322979166666,31.0,78.0701207063954,4,236,0.5032480859375,140.13406702030167,187.0,68.19310211115173,True,normal
0000_0989_1003.png,989,1003,78.366130078125,31.0,76.89213553630569,4,230,0.5024538151041666,138.19291276071627,183.0,67.03727784004201,True,normal
0000_0989_1004.png,989,1004,47.99070290364583,16.0,60.13762801668237,2,235,0.3906531640625,101.81187536378627,60.0,66.72392103448954,True,normal
0000_0990_0995.png,990,995,78.31130076822917,37.0,79.8255368458625,3,255,0.5461777864583334,129.13668142246303,120.0,76.85058683872388,True,normal
0000_0990_0996.png,990,996,81.1735704296875,30.0,81.05248628243147,4,255,0.49812611979166665,144.68826918153624,193.0,71.17212182675584,True,normal
0000_0990_0997.png,990,997,78.63971845052083,30.0,79.7124799914341,4,233,0.48654483072916666,142.58419382228155,193.0,70.77579373368958,True,normal
0000_0990_0998.png,990,998,79.79985393229167,30.0,80.00444360308416,5,238,0.4936955989583333,143.11712685537978,192.0,70.45461973801599,True,normal
0000_0990_0999.png,990,999,78.0111658203125,30.0,78.41790989460604,4,255,0.48762134114583333,141.09073748443865,189.0,69.00875322655088,True,normal
0000_0990_1000.png,990,1000,77.01265032552084,29.0,77.47615355679602,5,252,0.4848015625,139.8551667133997,187.0,68.06405542647828,True,normal
0000_0990_1001.png,990,1001,79.10410872395833,30.0,78.83415229216072,4,252,0.49510299479166664,141.45785507066475,190.0,69.0842106692645,True,normal
0000_0990_1002.png,990,1002,78.9413769140625,30.0,78.2095767822344,4,251,0.497143125,140.40032417517256,188.0,68.65630145744758,True,normal
0000_0990_1003.png,990,1003,79.08483436197916,30.0,78.40215841452022,4,236,0.49765046875,140.80918025316672,187.0,68.46843253917203,True,normal
0000_0990_1004.png,990,1004,69.728096875,32.0,74.30065321934143,3,251,0.5081706380208333,122.08251898244585,133.0,72.30156701973989,True,normal
0000_0991_0994.png,991,994,28.7775315625,14.0,43.76359187747601,2,236,0.19536170572916667,93.32451777648818,59.0,67.56968939202748,True,half_bg
0000_0991_0995.png,991,995,82.44810397135417,31.0,81.96993425377258,4,255,0.5074527473958333,144.5954232037871,192.0,72.90516970347214,True,normal
0000_0991_0996.png,991,996,81.51756921875,30.0,81.90304564137391,5,235,0.4962758854166667,145.8010664483601,197.0,72.30326470898257,True,normal
0000_0991_0997.png,991,997,79.1510305078125,30.0,79.63316558131949,5,237,0.4903099609375,142.79525717216774,192.0,70.01100129967166,True,normal
0000_0991_0998.png,991,998,77.89020606770833,29.0,78.95614231984764,3,228,0.48459970052083334,141.93255260590539,190.0,69.44271340384847,True,normal
0000_0991_0999.png,991,999,78.57617610677083,30.0,78.47327546330867,5,255,0.49032869791666667,141.67376032616727,189.0,68.32111273063126,True,normal
0000_0991_1000.png,991,1000,77.4322671484375,29.0,77.37249347394331,5,254,0.48794805989583334,140.05577088323017,186.0,67.30557848090905,True,normal
0000_0991_1001.png,991,1001,78.71360540364583,30.0,78.30566189084817,5,244,0.4938988541666667,140.9987162625445,189.0,68.34444819510567,True,normal
0000_0991_1002.png,991,1002,79.05329567708333,30.0,77.92820776878649,5,242,0.49908010416666665,140.28645482970856,187.0,67.86736224501647,True,normal
0000_0991_1003.png,991,1003,79.46067528645834,30.0,78.7128276424367,4,236,0.498247265625,141.37485132125923,189.0,68.67892204110291,True,normal
0000_0991_1004.png,991,1004,79.57959416666667,36.0,78.07173591431697,4,243,0.53359734375,134.01311877450507,184.0,70.71613634358323,True,normal
0000_0991_1005.png,991,1005,25.433358802083333,14.0,38.4053728879056,2,229,0.16405725260416668,89.61299960625725,56.0,63.38923468810625,True,half_bg
0000_0992_0994.png,992,994,46.716660065104165,15.0,62.72188596133242,2,254,0.3393999869791667,110.28615626404732,64.0,73.50482278554101,True,half_bg
0000_0992_0995.png,992,995,81.25687911458333,31.0,80.51172263423476,5,255,0.5046218098958334,142.93415523253736,191.0,71.2892638184026,True,normal
0000_0992_0996.png,992,996,81.77867994791667,30.0,81.98408957124045,5,236,0.4999172005208333,145.380178816591,198.0,72.6091198753296,True,normal
0000_0992_0997.png,992,997,79.2665671875,30.0,79.47918481355514,5,231,0.492441171875,142.51357715581614,192.0,69.73725931692306,True,normal
0000_0992_0998.png,992,998,78.52793809895833,29.0,79.05329818295517,4,242,0.48756171875,142.37536954456087,191.0,69.14655483105342,True,normal
0000_0992_0999.png,992,999,78.54554395833334,29.0,78.49207328306422,4,232,0.4889305859375,142.03435572571505,189.0,68.08715082785676,True,normal
0000_0992_1000.png,992,1000,77.26873424479167,29.0,77.2771111265627,4,251,0.48603014322916666,140.30820137050506,186.0,66.9055597300709,True,normal
0000_0992_1001.png,992,1001,78.92762828125,30.0,78.4256147191662,5,244,0.49372611979166664,141.4881689425591,189.0,68.18406327044829,True,normal
0000_0992_1002.png,992,1002,78.42024182291667,30.0,77.48612031433473,5,250,0.4966050390625,139.73852756530428,186.0,67.4104842666702,True,normal
0000_0992_1003.png,992,1003,79.570648828125,30.0,78.79574042126086,4,236,0.4988604296875,141.3979278710768,189.0,68.85162427184537,True,normal
0000_0992_1004.png,992,1004,78.88175994791666,30.0,78.06607389799603,4,244,0.4997814453125,140.01984041722403,185.0,68.13730620258144,True,normal
0000_0992_1005.png,992,1005,44.677726328125,15.0,60.16345015259472,2,245,0.34286671875,104.93736173753133,61.0,70.63983034816252,True,half_bg
0000_0993_0994.png,993,994,60.42228140625,28.0,70.20889501755313,3,255,0.43882897135416665,118.23927388425605,72.0,72.11470773758211,True,half_bg
0000_0993_0995.png,993,995,81.87179747395834,31.0,81.32543703529728,5,254,0.5020102213541666,144.81185683548057,194.0,71.66474936550325,True,normal
0000_0993_0996.png,993,996,82.03087635416667,31.0,82.06989397832979,4,235,0.5009733203125,145.6513300891798,198.0,72.46340528439374,True,normal
0000_0993_0997.png,993,997,79.11830720052083,30.0,79.32566628572695,5,230,0.49149578125,142.51918421010524,191.0,69.39640336043662,True,normal
0000_0993_0998.png,993,998,78.95435546875,29.0,79.69567823925114,5,230,0.4863998958333333,143.59087692333063,192.0,69.59710756397975,True,normal
0000_0993_0999.png,993,999,78.5162173828125,29.0,78.4579468090472,5,236,0.4882438671875,142.2559843448281,189.0,67.77286791270315,True,normal
0000_0993_1000.png,993,1000,77.76285029947917,29.0,77.75086335587953,5,248,0.48671071614583333,141.21766218024518,187.0,67.08258305750087,True,normal
0000_0993_1001.png,993,1001,79.0675801953125,30.0,78.73413496036052,5,249,0.49211640625,142.28987877614068,190.0,68.19560502882112,True,normal
0000_0993_1002.png,993,1002,78.24564959635417,30.0,77.59379565569397,4,243,0.4936206510416667,140.2109674776087,187.0,67.36104076829957,True,normal
0000_0993_1003.png,993,1003,79.54730852864583,30.0,78.96828360699895,5,243,0.497624453125,141.7009019780908,190.0,69.02322014664608,True,normal
0000_0993_1004.png,993,1004,78.8268348828125,30.0,78.14987180209157,5,236,0.4959190625,140.74969971053324,188.0,68.03431744524381,True,normal
0000_0993_1005.png,993,1005,56.3788040234375,24.0,68.67242016847582,2,242,0.41499061197916665,116.02472850242377,73.0,72.27506545695083,True,half_bg
0000_0994_0994.png,994,994,72.90820895833333,34.0,75.17342146960141,3,245,0.5241781770833334,123.82340665015205,83.0,72.5177229782824,True,half_bg
0000_0994_0995.png,994,995,82.93452610677083,31.0,82.71439007024549,4,242,0.5050953515625,145.95812362470855,198.0,73.73629708230389,True,normal
0000_0994_0996.png,994,996,81.79321450520834,31.0,81.46453898379643,5,236,0.500838359375,145.20142089360272,196.0,71.51843246903924,True,normal
0000_0994_0997.png,994,997,78.18354569010417,29.0,78.6512549609361,4,232,0.4866575130208333,141.79670334124702,190.0,68.88678140768785,True,normal
0000_0994_0998.png,994,998,78.444088515625,29.0,79.19931492594654,5,233,0.48440721354166666,143.20711899429054,191.0,68.8191194115453,True,normal
0000_0994_0999.png,994,999,77.6189471875,29.0,77.72011204277564,4,239,0.4842408984375,141.42198876511537,188.0,67.12562660336418,True,normal
0000_0994_1000.png,994,1000,76.61344807291667,29.0,76.49513054255316,4,248,0.48360901041666665,139.60152541766857,183.0,65.88753988982249,True,normal
0000_0994_1001.png,994,1001,78.897166015625,30.0,78.1725708275034,5,252,0.49295278645833335,141.77068029197142,187.0,67.28277702691646,True,normal
0000_0994_1002.png,994,1002,77.34160575520833,29.0,77.30047320166102,5,252,0.48689369791666665,140.04785289054476,186.0,67.30856294189363,True,normal
0000_0994_1003.png,994,1003,79.70104598958333,30.0,79.25217320308067,4,248,0.49664572916666666,142.2359283077999,191.0,69.28162994248844,True,normal
0000_0994_1004.png,994,1004,79.7448113671875,30.0,79.47287680265732,4,247,0.49630727864583335,142.27527516437218,191.0,69.87418389485984,True,normal
0000_0994_1005.png,994,1005,69.82165274739583,33.0,74.45955576375769,3,248,0.5182419401041667,120.41106841060024,95.0,72.9789523414563,True,half_bg
0000_0995_0994.png,995,994,78.79636141927084,38.0,79.06721723452299,4,253,0.5486768359375,128.93444002986257,126.0,75.8421046167383,True,half_bg
0000_0995_0995.png,995,995,84.0229706640625,31.0,83.18657040516264,5,238,0.5108715104166667,146.47581542896518,200.0,74.11218085513713,True,normal
0000_0995_0996.png,995,996,81.48688354166667,31.0,81.25994040548713,5,229,0.5008796744791667,144.57025256008575,196.0,71.62360517046591,True,normal
0000_0995_0997.png,995,997,78.82321484375,30.0,78.85887098315374,5,227,0.49025196614583333,142.30985453881854,190.0,68.54422549579982,True,normal
0000_0995_0998.png,995,998,78.39463907552083,29.0,78.81614874492303,5,232,0.4859640234375,142.7428723678721,190.0,68.20035361876538,True,normal
0000_0995_0999.png,995,999,78.33439822916667,29.0,77.73259836285548,5,227,0.4905490364583333,141.3843785685926,187.0,66.6480499363805,True,normal
0000_0995_1000.png,995,1000,77.02109686197916,29.0,76.02781180702615,5,224,0.49008341145833334,138.89254002945822,182.0,64.92357918121023,True,normal
0000_0995_1001.png,995,1001,78.78980001302084,30.0,77.76667354134953,5,255,0.49353309895833336,141.40869535989728,187.0,66.62996164673042,True,normal
0000_0995_1002.png,995,1002,78.050172578125,30.0,77.26641299819886,4,254,0.4926136328125,140.13137366492245,185.0,66.69387905683875,True,normal
0000_0995_1003.png,995,1003,79.28495813802083,30.0,78.59907874110701,5,255,0.49670328125,141.40924161631122,189.0,68.49800731337231,True,normal
0000_0995_1004.png,995,1004,80.76705266927084,31.0,79.77085387387848,4,253,0.5018163932291667,142.8421030330467,191.0,69.76846703348039,True,normal
0000_0995_1005.png,995,1005,79.744860703125,38.0,78.51800685131224,4,255,0.5529682161458334,130.59917021206505,182.0,72.82185769726198,True,half_bg
0000_0996_0994.png,996,994,77.76748203125,37.0,78.9067551952702,4,247,0.5523282421875,126.29332084736278,110.0,77.08527092327384,True,half_bg
0000_0996_0995.png,996,995,83.54702390625,31.0,83.18563352684562,5,237,0.5093537890625,145.87962256915043,199.0,74.75204280611155,True,normal
0000_0996_0996.png,996,996,81.2046146875,30.0,81.03713530813802,5,228,0.4989990494791667,144.4332650621125,196.0,71.41844672115106,True,normal
0000_0996_0997.png,996,997,78.62469473958333,29.0,78.89336753253072,4,223,0.4883611197916667,142.37080857227247,190.0,68.72850130525865,True,normal
0000_0996_0998.png,996,998,78.57793759114584,29.0,78.52402373920624,5,233,0.4893525,142.16821947326653,189.0,67.87317173665592,True,normal
0000_0996_0999.png,996,999,78.02552147135417,29.0,77.17563920542851,4,230,0.49180084635416665,140.44050359137952,185.0,66.13113912811319,True,normal
0000_0996_1000.png,996,1000,77.27730602864584,29.0,76.10452593359608,5,223,0.49193186197916666,138.89754334572768,183.0,65.02784651751587,True,normal
0000_0996_1001.png,996,1001,78.66176479166667,30.0,77.58680236660813,5,229,0.4937100390625,141.12173588099733,186.0,66.44868844357603,True,normal
0000_0996_1002.png,996,1002,78.04919294270833,30.0,76.98947640209659,4,245,0.494103671875,139.75139326624742,184.0,66.31031304331081,True,normal
0000_0996_1003.png,996,1003,79.44396856770834,30.0,78.42903661932816,5,254,0.4993881901041667,140.99327919816886,189.0,68.36415256406066,True,normal
0000_0996_1004.png,996,1004,81.1993485546875,31.0,79.69532832731159,4,255,0.5058058203125,142.57971486144723,191.0,69.68613463391027,True,normal
0000_0996_1005.png,996,1005,82.81460196614583,38.0,80.7629146409789,4,255,0.544829453125,137.38564086687867,189.0,73.22432605137416,True,half_bg
0000_0997_0994.png,997,994,76.84120971354167,35.0,78.6696936661785,4,243,0.5498349088541666,124.85549083258206,108.0,77.86260596483123,True,half_bg
0000_0997_0995.png,997,995,84.05499830729167,31.0,84.03502085024304,5,238,0.5093678255208334,147.00958438857356,201.0,75.53942465717451,True,normal
0000_0997_0996.png,997,996,81.14076774739583,30.0,81.26075410738036,5,229,0.4970032682291667,144.99612400897243,196.0,71.41239137666959,True,normal
0000_0997_0997.png,997,997,78.68532403645834,29.0,79.15925950228066,5,226,0.4860740625,143.03758849870914,191.0,68.95410493529225,True,normal
0000_0997_0998.png,997,998,78.61377700520833,29.0,78.8020630070563,5,223,0.4875378645833333,142.61848166280248,190.0,68.32263185499158,True,normal
0000_0997_0999.png,997,999,77.3800280859375,29.0,76.78278624155196,5,221,0.48955734375,139.6401937985857,185.0,66.15413872628183,True,normal
0000_0997_1000.png,997,1000,77.29209989583333,29.0,76.47705721288264,4,221,0.49097828125,139.0957158979898,184.0,65.84936461243954,True,normal
0000_0997_1001.png,997,1001,78.38009278645833,29.0,77.47844352822916,5,226,0.49326423177083334,140.72492404381072,186.0,66.5412414924617,True,normal
0000_0997_1002.png,997,1002,78.23406524739583,30.0,76.9834256731202,5,233,0.4950947135416667,139.87434067355693,184.0,66.1269194763718,True,normal
0000_0997_1003.png,997,1003,79.82496579427084,30.0,78.77595507968745,5,233,0.49981936197916665,141.64342216655513,190.0,68.55775410008172,True,normal
0000_0997_1004.png,997,1004,80.83729895833334,31.0,79.3931499294163,4,234,0.5052021484375,142.05792436891946,190.0,69.46111403033292,True,normal
0000_0997_1005.png,997,1005,81.79772584635417,38.0,80.41627183979678,5,255,0.528538984375,138.96945168277117,188.0,72.31550495814223,True,half_bg
0000_0998_0993.png,998,993,12.278212721354167,12.0,7.318402134624255,2,75,0.030337565104166665,48.594148738693306,51.0,8.938925237567773,False,pure_bg
0000_0998_0994.png,998,994,74.21045610677083,32.0,75.94398632730449,4,238,0.5304118098958334,123.65640342297911,126.0,74.76109606922867,True,half_bg
0000_0998_0995.png,998,995,81.84689276041667,31.0,81.8412915948788,4,241,0.5077585677083334,143.14281847574682,194.0,74.01101338692199,True,normal
0000_0998_0996.png,998,996,80.57001122395833,30.0,80.47210326389485,4,230,0.497436953125,143.81086869834164,194.0,70.57440425842225,True,normal
0000_0998_0997.png,998,997,77.97890813802083,29.0,79.11407142005021,4,229,0.48121065104166666,142.91726777551995,191.0,69.26221018860053,True,normal
0000_0998_0998.png,998,998,78.67409890625,29.0,78.86558701847562,4,225,0.4870101171875,142.89653957019897,190.0,68.23929135757238,True,normal
0000_0998_0999.png,998,999,76.81441048177084,29.0,76.54744308377357,5,223,0.48367765625,139.7042849646658,185.0,66.17770119548506,True,normal
0000_0998_1000.png,998,1000,76.2671678515625,29.0,75.95361644442946,4,222,0.4829287109375,138.74318530396877,183.0,65.73971059971944,True,normal
0000_0998_1001.png,998,1001,77.95702544270833,29.0,77.54278985669997,4,219,0.4896291796875,140.6875533011922,187.0,67.06682220775765,True,normal
0000_0998_1002.png,998,1002,76.86538829427083,29.0,76.46164913777595,4,221,0.48719100260416665,138.9176864481063,185.0,66.46310210049867,True,normal
0000_0998_1003.png,998,1003,77.81874346354167,30.0,77.42592660959542,5,227,0.49229072916666666,139.457488678036,186.0,67.94921232247853,True,normal
0000_0998_1004.png,998,1004,78.81475166666667,30.0,78.61100126163691,4,228,0.49432423177083334,140.63449312285834,189.0,69.73663051217991,True,normal
0000_0998_1005.png,998,1005,77.54044899739583,30.0,77.92301552101958,4,228,0.4914943619791667,139.415705615265,184.0,68.86667733540106,True,half_bg
0000_0998_1006.png,998,1006,31.224549375,14.0,44.88888483951764,2,223,0.22486838541666668,93.28692379778634,57.0,62.90182672656305,True,half_bg
0000_0999_0993.png,999,993,12.610297083333334,12.0,8.482481278608867,2,78,0.029678828125,56.91634573958884,58.0,9.01981699759791,False,pure_bg
0000_0999_0994.png,999,994,75.288122421875,33.0,76.20620381690443,3,236,0.5367706510416667,124.67099729269266,132.0,74.01248488912901,True,half_bg
0000_0999_0995.png,999,995,81.92841796875,31.0,81.45788879459364,4,235,0.5081372916666667,143.37613691386719,194.0,72.80619598281444,True,normal
0000_0999_0996.png,999,996,80.308435078125,30.0,80.4132030352351,4,229,0.494948984375,143.9885138625135,194.0,70.39340715256222,True,normal
0000_0999_0997.png,999,997,78.211279453125,29.0,78.90653629190972,4,229,0.4843785677083333,142.74785406150502,190.0,68.53865085361797,True,normal
0000_0999_0998.png,999,998,78.55131842447916,29.0,78.49981252341298,4,223,0.4900840234375,141.93195153371474,189.0,67.98521549528824,True,normal
0000_0999_0999.png,999,999,77.72891854166667,30.0,76.88850117502554,4,222,0.4926573046875,139.52339228790635,185.0,66.34265210718429,True,normal
0000_0999_1000.png,999,1000,76.83877959635417,29.0,75.9435183311264,4,223,0.4905443359375,138.22017566316967,183.0,65.4896944741674,True,normal
0000_0999_1001.png,999,1001,77.96694881510416,29.0,77.48672970141199,5,221,0.48941436197916666,140.70857535059375,187.0,66.97692374955308,True,normal
0000_0999_1002.png,999,1002,77.4128873046875,29.0,76.80921159185709,4,220,0.48866359375,139.72140090090522,185.0,66.39039470630979,True,normal
0000_0999_1003.png,999,1003,77.20863149739583,29.0,76.96796393982069,4,221,0.488193828125,139.35606769702713,186.0,67.16005133646668,True,normal
0000_0999_1004.png,999,1004,79.14329348958333,30.0,78.8498130745896,4,227,0.4950133984375,141.33110151769094,189.0,69.43648660603037,True,normal
0000_0999_1005.png,999,1005,78.249244609375,29.0,78.49287925864479,4,229,0.49106908854166664,141.13206947024014,186.0,68.51928348800314,True,half_bg
0000_0999_1006.png,999,1006,34.64025990885417,15.0,47.71648692867294,2,231,0.24342451822916666,97.51436167193982,59.0,63.86612788476463,True,half_bg
0000_1000_0993.png,1000,993,12.811287890625,12.0,8.587798550134464,2,80,0.03155696614583333,56.377654498003984,57.0,8.902864442906868,False,pure_bg
0000_1000_0994.png,1000,994,75.4878963671875,33.0,76.20880490971959,3,241,0.539527734375,124.3639699843589,132.0,74.16646640614191,True,half_bg
0000_1000_0995.png,1000,995,82.68261661458334,32.0,82.01586354144014,4,236,0.5142634765625,143.2869808877912,196.0,73.74755965684835,True,normal
0000_1000_0996.png,1000,996,80.88994942708334,30.0,80.82000226239981,4,230,0.499897265625,143.83025223151319,195.0,71.17007973407266,True,normal
0000_1000_0997.png,1000,997,78.00958950520834,29.0,78.38808597854603,4,224,0.4864912369791667,141.72226881227814,189.0,68.16974372771976,True,normal
0000_1000_0998.png,1000,998,78.35188825520834,29.0,78.22946500433315,4,232,0.4896095442708333,141.63002616375883,188.0,67.66841107415661,True,normal
0000_1000_0999.png,1000,999,77.2318337109375,29.0,76.62582360890129,4,223,0.48810408854166665,139.75118556348738,184.0,65.7185620476324,True,normal
0000_1000_1000.png,1000,1000,76.80854,29.0,76.10516624711286,4,225,0.4882162239583333,138.82258607986356,183.0,65.38024339307167,True,normal
0000_1000_1001.png,1000,1001,77.801030625,29.0,77.25053223717853,4,222,0.4908051041666667,140.18951875203348,186.0,66.64356967530271,True,normal
0000_1000_1002.png,1000,1002,77.30408703125,29.0,76.7526150096334,4,224,0.490549921875,139.29283995528615,185.0,66.28154536131812,True,normal
0000_1000_1003.png,1000,1003,77.44054291666667,29.0,77.29900232542644,4,220,0.48954654947916665,139.6662174485184,187.0,67.39065097319339,True,normal
0000_1000_1004.png,1000,1004,79.0055933203125,30.0,78.80590431579267,4,227,0.49444927083333334,141.36556194254845,189.0,69.18791087498813,True,normal
0000_1000_1005.png,1000,1005,77.86077013020834,29.0,78.4611609974604,4,225,0.4863315234375,141.6940388448691,187.0,68.12675403799265,True,half_bg
0000_1000_1006.png,1000,1006,33.3709401953125,14.0,46.18036360236919,2,245,0.24117680989583334,95.7647609413456,56.0,60.569237695822835,True,half_bg
0000_1001_0993.png,1001,993,13.141941549479167,12.0,9.304481716107881,2,81,0.03714157552083333,56.69126333535848,58.0,10.770181381766152,False,pure_bg
0000_1001_0994.png,1001,994,75.67220950520833,33.0,76.40381556026898,3,255,0.5427356380208334,124.25194708893845,134.0,74.29381347592172,True,half_bg
0000_1001_0995.png,1001,995,83.26643942708333,32.0,82.74571636700601,4,243,0.5163375130208333,143.8316597663113,197.0,74.81205773465366,True,normal
0000_1001_0996.png,1001,996,81.19654490885416,31.0,81.1889513958498,4,234,0.5019524348958333,143.88101638635197,195.0,71.84584906877211,True,normal
0000_1001_0997.png,1001,997,78.14557553385417,29.0,78.42186961971761,4,231,0.487484140625,141.5683005926849,189.0,68.4667399898943,True,normal
0000_1001_0998.png,1001,998,78.50199873697916,30.0,78.36757009515891,4,227,0.4899948828125,141.72687671828632,188.0,67.96320193090425,True,normal
0000_1001_0999.png,1001,999,77.60673037760417,30.0,76.66246071783766,4,226,0.49294895833333335,139.14708992542754,185.0,66.17413399262011,True,normal
0000_1001_1000.png,1001,1000,77.2603512109375,30.0,76.32005245059831,4,229,0.49290522135416664,138.46943389772812,183.0,65.98975335146933,True,normal
0000_1001_1001.png,1001,1001,78.10257490885417,30.0,77.55532483340956,4,227,0.49292462239583335,140.23387685178687,186.0,67.19634560428761,True,normal
0000_1001_1002.png,1001,1002,77.51812430989584,29.0,76.99334596502234,4,224,0.49199328125,139.35895111414865,185.0,66.68383719181944,True,normal
0000_1001_1003.png,1001,1003,77.87042395833333,30.0,77.72418516259943,4,230,0.4925485416666667,139.76711665051624,187.0,68.08845517213811,True,normal
0000_1001_1004.png,1001,1004,79.2756737109375,30.0,78.88278103215596,4,232,0.49909828125,140.7262993145868,189.0,69.62785474191003,True,normal
0000_1001_1005.png,1001,1005,78.14966638020833,30.0,78.63166069445806,4,231,0.49042020833333333,141.2112190831672,186.0,68.69656788796213,True,half_bg
0000_1001_1006.png,1001,1006,31.1237176953125,14.0,43.60692351717085,2,245,0.22075229166666666,93.86211932964078,54.0,59.25516693020125,True,half_bg
0000_1002_0993.png,1002,993,13.4261983984375,12.0,9.41173530485252,2,78,0.0387637109375,56.499752607696266,58.0,11.404076940436665,False,pure_bg
0000_1002_0994.png,1002,994,75.431426328125,33.0,76.33616495557978,4,247,0.5403698177083334,124.34937223017744,135.0,74.17468604534393,True,half_bg
0000_1002_0995.png,1002,995,82.90066467447917,31.0,83.01106573107113,4,246,0.5103019270833333,144.53703016096372,199.0,75.26929758482044,True,normal
0000_1002_0996.png,1002,996,81.25458891927083,31.0,81.21317399010623,4,235,0.5006767838541667,144.2018272298457,196.0,71.81749680587677,True,normal
0000_1002_0997.png,1002,997,77.65948837239583,29.0,78.39752783986087,4,230,0.48304744791666665,141.56073711056032,190.0,68.8702353569409,True,normal
0000_1002_0998.png,1002,998,78.34893951822917,29.0,78.36017566640868,4,228,0.48711821614583334,142.13784363550312,189.0,67.78820443936121,True,normal
0000_1002_0999.png,1002,999,77.33239779947917,29.0,77.0466163204425,4,229,0.48493091145833334,140.36472796516816,186.0,66.71414100727414,True,normal
0000_1002_1000.png,1002,1000,76.57774536458334,29.0,76.34034684737858,4,226,0.48405196614583335,139.07853457968784,185.0,66.27048347662897,True,normal
0000_1002_1001.png,1002,1001,78.0827694921875,29.0,77.64778358529345,4,228,0.48842274739583336,141.12364784850215,187.0,67.08889713552381,True,normal
0000_1002_1002.png,1002,1002,76.80317665364583,29.0,76.69232440482311,4,229,0.4838188671875,139.58629680975918,185.0,66.65439266592222,True,normal
0000_1002_1003.png,1002,1003,77.70577213541667,30.0,77.69261471239787,4,229,0.4893458854166667,140.04335770401838,187.0,68.15165613545395,True,normal
0000_1002_1004.png,1002,1004,79.23461868489584,30.0,79.22529480375567,4,232,0.49536619791666664,141.32699735706885,190.0,70.34455229156768,True,normal
0000_1002_1005.png,1002,1005,77.33157834635416,29.0,78.24965467745768,4,232,0.4846048567708333,140.83853081762032,186.0,68.72738219768348,True,half_bg
0000_1002_1006.png,1002,1006,29.304632317708332,14.0,41.75922548377995,2,219,0.1978041015625,94.41266937676066,54.0,58.99582040575639,True,half_bg
0000_1003_0994.png,1003,994,77.231728515625,36.0,76.79927272024497,4,255,0.5574670182291667,124.6207787843951,132.0,73.73669976901478,True,half_bg
0000_1003_0995.png,1003,995,83.63015247395833,32.0,82.44332217859701,4,246,0.51335921875,145.29298124374208,197.0,73.1314461004636,True,normal
0000_1003_0996.png,1003,996,82.02672322916666,31.0,81.43489980281832,4,236,0.503800703125,144.9847088901877,196.0,71.38285946563381,True,normal
0000_1003_0997.png,1003,997,78.89596985677083,30.0,78.88026817610366,4,234,0.49017782552083333,142.47862044219337,190.0,68.44060177699424,True,normal
0000_1003_0998.png,1003,998,78.3558724609375,30.0,77.8567549066633,4,228,0.490781640625,141.31274622247727,188.0,67.02196837568256,True,normal
0000_1003_0999.png,1003,999,78.46180986979167,30.0,77.40478837220766,4,232,0.493121640625,140.83696020637234,185.0,66.34129352695128,True,normal
0000_1003_1000.png,1003,1000,78.09533893229167,30.0,76.97188928243057,4,229,0.4932225390625,140.04286807866558,184.0,66.08266795125337,True,normal
0000_1003_1001.png,1003,1001,78.47740348958334,30.0,77.4045086733675,4,226,0.4934176041666667,140.7353638018759,186.0,66.47030023598461,True,normal
0000_1003_1002.png,1003,1002,77.93087811197917,30.0,76.80239070640509,4,239,0.4933995442708333,139.57596331890107,184.0,66.17732836661371,True,normal
0000_1003_1003.png,1003,1003,78.01886356770834,30.0,77.39157090998872,4,229,0.4930193619791667,139.68586473966604,187.0,67.5912175976463,True,normal
0000_1003_1004.png,1003,1004,80.13994447916667,30.0,79.6627288307493,4,235,0.4990166796875,142.25081751270162,191.0,70.26137378776957,True,normal
0000_1003_1005.png,1003,1005,79.99952838541667,31.0,80.45539809494554,4,253,0.503230625,141.51576071814324,189.0,71.8668408757852,True,half_bg
0000_1004_0994.png,1004,994,75.950784921875,36.0,76.4069358611757,4,255,0.5481614192708333,124.10348250568775,145.0,73.80887289925442,True,half_bg
0000_1004_0995.png,1004,995,83.11072287760416,32.0,81.72638291576267,5,249,0.5129872395833334,144.45198035810466,196.0,72.21748246658217,True,normal
0000_1004_0996.png,1004,996,82.25903890625,31.0,81.55196826459448,4,244,0.5061081510416666,144.83511339314055,196.0,71.64380787764968,True,normal
0000_1004_0997.png,1004,997,79.11635212239584,30.0,79.03764932776727,4,237,0.49181463541666665,142.47396760678274,190.0,68.7255162913221,True,normal
0000_1004_0998.png,1004,998,79.54155252604167,30.0,78.64704038986773,4,233,0.49468571614583334,142.5597235913385,189.0,67.60063515042629,True,normal
0000_1004_0999.png,1004,999,78.77577720052084,30.0,77.64112350938927,4,229,0.4935475390625,141.34735590814915,186.0,66.41082806871482,True,normal
0000_1004_1000.png,1004,1000,78.712704375,30.0,77.33552409236341,4,229,0.4949434375,140.84288766582546,185.0,66.09246563415753,True,normal
0000_1004_1001.png,1004,1001,79.05275901041666,30.0,77.86685717846461,4,230,0.4943902994791667,141.62815370626305,187.0,66.68171237751241,True,normal
0000_1004_1002.png,1004,1002,78.911332890625,30.0,77.30637506183429,4,229,0.4979417057291667,140.33845073638165,185.0,66.42646068653272,True,normal
0000_1004_1003.png,1004,1003,80.17785959635417,31.0,78.41968848657316,4,229,0.5035266796875,141.20870113299037,189.0,68.08230055428413,True,normal
0000_1004_1004.png,1004,1004,81.77285571614583,31.0,80.15425900121741,4,235,0.5066091927083334,143.43256728906286,192.0,69.99054982498402,True,normal
0000_1004_1005.png,1004,1005,80.17575291666667,32.0,79.33750433358117,4,254,0.5110014453125,139.94539439776025,187.0,70.25666312224168,True,half_bg
0000_1005_0994.png,1005,994,78.35953688802083,40.0,77.61849785391716,4,255,0.5624446875,125.82894811045308,123.0,74.12781587386009,True,half_bg
0000_1005_0995.png,1005,995,82.37721708333333,31.0,81.19704592219348,4,255,0.5099591796875,143.89093359571137,195.0,71.60385511415551,True,normal
0000_1005_0996.png,1005,996,82.60295205729166,31.0,82.02045656524206,4,247,0.5074724479166667,145.16011273087383,197.0,72.32891987957399,True,normal
0000_1005_0997.png,1005,997,79.58925071614583,30.0,79.63266750309597,5,245,0.49384772135416666,142.8635491841607,192.0,69.65030361121244,True,normal
0000_1005_0998.png,1005,998,80.14389037760417,30.0,79.2731537714979,4,237,0.4966461328125,143.20329791319236,191.0,68.40028375664814,True,normal
0000_1005_0999.png,1005,999,79.1464035546875,30.0,78.20071768936637,4,233,0.4936445703125,142.0516558612212,187.0,67.07672173518463,True,normal
0000_1005_1000.png,1005,1000,79.10836791666667,30.0,77.80822909305755,4,232,0.4956298828125,141.43900894208824,187.0,66.62657241148197,True,normal
0000_1005_1001.png,1005,1001,79.28669026041666,30.0,78.35856151719196,4,236,0.49455807291666665,142.0476379901459,188.0,67.4386372395064,True,normal
0000_1005_1002.png,1005,1002,78.83041533854167,30.0,77.47356973426952,4,230,0.49784078125,140.18373647531845,186.0,66.96902369308366,True,normal
0000_1005_1003.png,1005,1003,80.95685322916667,31.0,79.07397791172033,4,232,0.507257421875,141.7442327343966,190.0,68.93873260598632,True,normal
0000_1005_1004.png,1005,1004,81.9074744140625,31.0,80.19258922384766,4,243,0.5078434895833334,143.38443961624907,192.0,70.04906815245951,True,normal
0000_1005_1005.png,1005,1005,76.78915139322916,34.0,76.60259827776133,2,255,0.5190149348958333,132.48220154731717,173.0,69.19938021042687,True,half_bg
0000_1006_0994.png,1006,994,72.19329122395834,35.0,74.05243595343867,3,255,0.5192994791666666,123.69964365055087,84.0,70.48998788308256,True,half_bg
0000_1006_0995.png,1006,995,81.270069375,31.0,80.98400664496832,5,254,0.5034578385416667,143.39777652785702,194.0,71.90809273412277,True,normal
0000_1006_0996.png,1006,996,82.25924329427083,31.0,81.82443953628653,4,255,0.5053148307291667,145.0330286819178,196.0,72.13756511138443,True,normal
0000_1006_0997.png,1006,997,78.93650692708333,30.0,79.38087760905566,5,244,0.49160361979166667,141.98683944058718,191.0,70.1214062676321,True,normal
0000_1006_0998.png,1006,998,80.4660545703125,30.0,79.90954928578167,4,246,0.49642412760416665,143.86303213348233,192.0,69.32425754701534,True,normal
0000_1006_0999.png,1006,999,78.53996510416667,30.0,78.19407649486115,5,242,0.4899055338541667,141.6171296842012,188.0,67.84850833289605,True,normal
0000_1006_1000.png,1006,1000,78.73997352864583,30.0,78.02808637691334,4,238,0.49074376302083333,141.76528911353492,188.0,67.31463374272761,True,normal
0000_1006_1001.png,1006,1001,79.49509196614584,30.0,78.85027319741539,4,239,0.4938759114583333,142.6217126065162,190.0,68.1213435946665,True,normal
0000_1006_1002.png,1006,1002,78.22127522135416,30.0,77.67728524239222,4,239,0.4935550260416667,139.93840637386714,187.0,68.01145637533848,True,normal
0000_1006_1003.png,1006,1003,81.2329122265625,31.0,79.7781823981437,5,249,0.5069958203125,142.3405862797963,192.0,70.02270065879054,True,normal
0000_1006_1004.png,1006,1004,81.14252260416667,31.0,79.9064985039811,4,252,0.5047451302083333,142.69191100624062,192.0,70.16252029820318,True,normal
0000_1006_1005.png,1006,1005,66.3729342578125,27.0,72.23065224057757,2,240,0.4609213671875,125.9065040722753,159.0,68.35905156641009,True,half_bg
0000_1007_0994.png,1007,994,58.934416875,27.0,69.08906467548913,3,254,0.4155152734375,120.54764486225734,78.0,70.11264503142395,True,half_bg
0000_1007_0995.png,1007,995,81.02546294270833,31.0,80.20412136012067,4,255,0.5041450651041667,142.85772786597443,192.0,70.47820156734281,True,normal
0000_1007_0996.png,1007,996,82.08242106770834,31.0,81.61290000506249,4,255,0.5040275651041667,144.98577678340334,196.0,71.80799484757883,True,normal
0000_1007_0997.png,1007,997,79.48363203125,30.0,79.13972790068063,5,251,0.4971162239583333,141.68590395553773,190.0,69.46269263867475,True,normal
0000_1007_0998.png,1007,998,80.48941998697917,30.0,79.86013297309258,4,251,0.4990587109375,143.15175965774526,192.0,69.74384038428708,True,normal
0000_1007_0999.png,1007,999,79.34852354166667,30.0,78.54316397431495,5,242,0.496662890625,141.5506716572667,189.0,68.24703438604935,True,normal
0000_1007_1000.png,1007,1000,79.36608,30.0,78.05481926179124,4,241,0.49712169270833334,141.4327790767194,188.0,67.23760960197887,True,normal
0000_1007_1001.png,1007,1001,79.940065390625,30.0,79.18234907677713,4,245,0.49645053385416665,142.75362254563325,191.0,68.68898401199654,True,normal
0000_1007_1002.png,1007,1002,78.957834375,30.0,78.08361400709514,5,246,0.49800260416666664,140.36908747444218,188.0,68.20847696840679,True,normal
0000_1007_1003.png,1007,1003,80.93648970052084,31.0,79.574668132893,5,249,0.5067352994791666,141.90236622706664,192.0,69.88117998877074,True,normal
0000_1007_1004.png,1007,1004,80.50530408854166,31.0,79.35358765858366,4,255,0.5037655989583333,141.90468060361448,190.0,69.44958732027175,True,normal
0000_1007_1005.png,1007,1005,56.657576341145834,24.0,66.47774699753735,2,255,0.407652890625,117.7463347564318,126.0,66.90464223083022,True,half_bg
0000_1008_0994.png,1008,994,44.782178919270834,15.0,59.34566919821153,2,255,0.31946829427083334,110.06558814664585,70.0,68.46294558000757,True,half_bg
0000_1008_0995.png,1008,995,81.28595880208333,31.0,80.2285473197507,5,255,0.5050182942708333,143.08545541808832,192.0,70.33153024487285,True,normal
0000_1008_0996.png,1008,996,82.5370082421875,31.0,82.12789467786291,5,255,0.5051607291666667,145.549798996524,197.0,72.43739265174707,True,normal
0000_1008_0997.png,1008,997,80.34100001302083,31.0,79.76907597803522,5,253,0.5016799479166667,142.1080473108322,192.0,70.3435283059105,True,normal
0000_1008_0998.png,1008,998,80.70613725260417,31.0,80.14723561664745,5,255,0.5022835286458334,142.69946373820085,193.0,70.63454290721543,True,normal
0000_1008_0999.png,1008,999,79.60324376302083,30.0,78.91319861052499,4,255,0.49912225260416665,141.37356167098446,190.0,69.14509942769449,True,normal
0000_1008_1000.png,1008,1000,80.04121584635416,31.0,78.38924464761257,5,251,0.5027337760416667,141.1851244888818,188.0,68.04488994449702,True,normal
0000_1008_1001.png,1008,1001,80.320934140625,31.0,79.35649275826131,5,255,0.5005355598958333,142.36210141683915,191.0,69.27232904321981,True,normal
0000_1008_1002.png,1008,1002,79.57426415364583,31.0,78.58505814556449,5,255,0.5012844661458333,140.68322647806298,189.0,68.94684336240319,True,normal
0000_1008_1003.png,1008,1003,81.00054927083333,31.0,79.8395547487883,4,255,0.50733453125,141.8548451963453,192.0,70.49269188910253,True,normal
0000_1008_1004.png,1008,1004,79.07489783854167,30.0,78.15242361202606,4,241,0.49881643229166667,140.43278599952563,186.0,68.20615604629013,True,normal
0000_1008_1005.png,1008,1005,42.836620065104164,14.0,56.926045055226496,2,244,0.30373544270833336,110.00843464634494,71.0,64.28113880798631,True,half_bg
0000_1009_0994.png,1009,994,28.133042838541666,14.0,36.862848517539625,2,237,0.210557109375,84.29952075304193,66.0,49.0223972374889,True,half_bg
0000_1009_0995.png,1009,995,81.05550645833333,31.0,79.83690622836295,4,255,0.5071483203125,142.19337117102725,190.0,70.01221565723338,True,normal
0000_1009_0996.png,1009,996,82.68075731770833,31.0,82.23199393551053,4,255,0.50557375,145.7103164092858,197.0,72.51727807320026,True,normal
0000_1009_0997.png,1009,997,80.95718423177084,31.0,80.15854220033196,4,255,0.5055231510416667,142.24474910969138,193.0,70.95769748700565,True,normal
0000_1009_0998.png,1009,998,81.10339604166667,31.0,80.43405189037381,5,255,0.506536171875,142.35883355339925,194.0,71.34615640601866,True,normal
0000_1009_0999.png,1009,999,79.59854815104167,31.0,79.00712255656559,5,255,0.5008721223958333,140.89834860699614,190.0,69.68219435075916,True,normal
0000_1009_1000.png,1009,1000,79.99767377604167,31.0,78.46182296539001,4,255,0.5048705859375,140.5543039972006,188.0,68.63831177466675,True,normal
0000_1009_1001.png,1009,1001,80.38313091145834,31.0,79.29461514744708,4,255,0.5039271875,141.60002444859654,191.0,69.61217124985372,True,normal
0000_1009_1002.png,1009,1002,79.74129751302084,31.0,78.6236733262132,5,254,0.5037060546875,140.38774800065917,189.0,69.15970638489406,True,normal
0000_1009_1003.png,1009,1003,80.66852584635417,31.0,80.02554965350987,4,233,0.5049677083333334,141.88495688152503,193.0,70.93176177113624,True,normal
0000_1009_1004.png,1009,1004,77.08285626302083,31.0,76.4319666219682,3,240,0.5059342057291667,135.2948790303787,182.0,67.89581280795936,True,normal
0000_1009_1005.png,1009,1005,27.138502447916668,13.0,40.44908062168568,2,255,0.16472135416666667,100.29881175596414,61.0,59.00586492594251,True,half_bg
0000_1010_0995.png,1010,995,75.47446485677084,37.0,75.34772965580709,3,255,0.5312115234375,126.97759423507266,121.0,70.40323831544845,True,normal
0000_1010_0996.png,1010,996,82.11090921875,31.0,81.5943114458177,5,255,0.5047098307291666,144.86815735578264,195.0,71.81254120249885,True,normal
0000_1010_0997.png,1010,997,80.86061330729167,31.0,80.4203535334411,5,255,0.506189375,141.74701252804348,194.0,72.03990436465836,True,normal
0000_1010_0998.png,1010,998,81.5702987109375,31.0,81.0234467485378,5,255,0.5071891927083333,143.04913287155284,195.0,72.08010384313015,True,normal
0000_1010_0999.png,1010,999,78.87525502604167,30.0,78.90523987600181,4,237,0.4972328515625,140.28716304764052,190.0,70.27758362020562,True,normal
0000_1010_1000.png,1010,1000,79.0859205859375,31.0,78.33409488493474,5,235,0.5008683203125,139.73100035882996,188.0,69.30905214055736,True,normal
0000_1010_1001.png,1010,1001,81.36506893229166,31.0,80.05802058987237,5,233,0.508609375,142.27748307783682,192.0,70.53210942479971,True,normal
0000_1010_1002.png,1010,1002,79.61199174479167,31.0,79.00968403830923,5,231,0.503262421875,140.15873436122027,190.0,70.3203235339919,True,normal
0000_1010_1003.png,1010,1003,79.4652212890625,30.0,79.42310768584748,4,241,0.49797692708333335,141.3681655630171,190.0,70.36748094822283,True,normal
0000_1010_1004.png,1010,1004,73.32970510416666,34.0,74.07003364786871,2,255,0.52230328125,125.77571602167204,167.0,68.41459314273679,True,normal
0000_1011_0995.png,1011,995,52.652835559895834,25.0,62.26563731693686,2,255,0.41036013020833334,107.95094251244889,72.0,64.78067145328234,True,normal
0000_1011_0996.png,1011,996,80.74167309895833,31.0,79.59980264628054,4,235,0.50465984375,142.20933590375282,190.0,69.60663837817572,True,normal
0000_1011_0997.png,1011,997,81.40191158854167,31.0,80.12077428643138,5,235,0.5115113411458333,141.44243128468025,193.0,71.3578616360673,True,normal
0000_1011_0998.png,1011,998,81.70714583333333,31.0,80.88212081515209,5,233,0.5086761848958333,142.86037675255452,195.0,71.90958463921582,True,normal
0000_1011_0999.png,1011,999,79.57951244791667,31.0,79.4118916983419,5,232,0.5006355208333333,140.9083672242843,191.0,70.60149216666365,True,normal
0000_1011_1000.png,1011,1000,79.793622421875,31.0,78.74179954699655,4,233,0.5054937109375,140.06927689840768,189.0,69.57899534742171,True,normal
0000_1011_1001.png,1011,1001,81.7929071875,31.0,80.37404372091387,5,234,0.50996015625,142.71137724199247,193.0,70.84442682785428,True,normal
0000_1011_1002.png,1011,1002,79.60157677083333,31.0,78.88632445479844,4,231,0.5032718359375,140.2905850432833,190.0,69.79691077608524,True,normal
0000_1011_1003.png,1011,1003,76.08791244791666,29.0,76.11810455938844,4,232,0.48791919270833334,137.48619429649622,180.0,66.5574474313504,True,normal
0000_1011_1004.png,1011,1004,50.832582447916664,15.0,61.81618272677577,2,250,0.37492358072916665,112.77761544531418,90.0,63.21503934820959,True,normal
0000_1012_0995.png,1012,995,26.425496888020835,13.0,34.361940145491545,2,243,0.19558606770833334,82.22539749324446,65.0,46.04268709587685,True,normal
0000_1012_0996.png,1012,996,79.03348600260416,34.0,77.31607337337901,4,237,0.5191448177083333,135.70740559858032,178.0,68.96942939384991,True,normal
0000_1012_0997.png,1012,997,80.97683778645833,32.0,78.90759607215828,5,231,0.5129726692708333,140.21633421878872,188.0,69.6670832499979,True,normal
0000_1012_0998.png,1012,998,81.79299408854166,31.0,80.93438398287857,5,231,0.50947546875,142.77024991696422,195.0,72.0961655458065,True,normal
0000_1012_0999.png,1012,999,79.97289311197916,31.0,79.74739841103656,4,233,0.5014447265625,141.42455784334612,192.0,70.90744072109557,True,normal
0000_1012_1000.png,1012,1000,79.62805966145834,31.0,78.90469940056767,5,232,0.5030653645833333,140.2745498819477,190.0,69.97006901868838,True,normal
0000_1012_1001.png,1012,1001,80.97807768229167,31.0,79.63375948129993,5,227,0.5079937239583333,141.58608417642134,192.0,70.28998029895511,True,normal
0000_1012_1002.png,1012,1002,77.6807251171875,30.0,76.9329511826811,4,223,0.4952685807291667,138.5754444525273,183.0,67.25532249281943,True,normal
0000_1012_1003.png,1012,1003,73.73949276041667,31.0,72.63563255600828,2,231,0.5066048307291666,129.11012713285757,169.0,64.2291519859994,True,normal
0000_1012_1004.png,1012,1004,26.624209388020834,13.0,38.96018200778852,2,241,0.1675518359375,96.53754555590345,61.0,56.0985482125876,True,normal
0000_1013_0996.png,1013,996,59.97062072916667,29.0,64.77789170611918,2,255,0.4809280989583333,108.95080973805044,75.0,63.57529743832257,True,half_bg
0000_1013_0997.png,1013,997,79.71686453125,31.0,77.79383068043737,4,225,0.5081916796875,138.94394629077092,187.0,68.52195214126566,True,half_bg
0000_1013_0998.png,1013,998,80.09146399739583,31.0,79.13779185732521,4,235,0.5070824869791667,140.07981181151828,190.0,70.49144973048271,True,half_bg
0000_1013_0999.png,1013,999,78.7354703125,30.0,78.79801604324643,5,229,0.4958258203125,140.41472587439154,190.0,69.96789322121224,True,half_bg
0000_1013_1000.png,1013,1000,78.56283268229167,30.0,78.30507244336951,5,227,0.49517765625,140.18838948374062,189.0,69.12719050047642,True,half_bg
0000_1013_1001.png,1013,1001,79.12202098958333,30.0,77.90566742741119,4,225,0.4993491796875,140.0695988478962,187.0,68.23849528245519,True,half_bg
0000_1013_1002.png,1013,1002,74.66238274739584,29.0,73.80188469635426,4,220,0.4883084114583333,134.50392068857184,174.0,63.84714076707945,True,half_bg
0000_1013_1003.png,1013,1003,56.4827903125,27.0,60.56485334263752,2,255,0.46380298177083334,105.60800676719633,78.0,57.905295744839634,True,half_bg
0000_1014_0997.png,1014,997,76.3938377734375,44.0,74.21220031414697,3,255,0.5538031380208334,124.21616059651537,120.0,68.93740504197864,True,half_bg
0000_1014_0998.png,1014,998,78.492049375,30.0,78.01911839575676,4,224,0.4947180078125,140.03961468684957,186.0,68.72707874833111,True,half_bg
0000_1014_0999.png,1014,999,76.23484178385416,29.0,76.45183259467343,4,228,0.4841681901041667,138.14944340348328,183.0,67.50241241235916,True,half_bg
0000_1014_1000.png,1014,1000,75.9377648828125,29.0,75.99267587622667,4,226,0.48527513020833335,137.41586868274092,182.0,66.89114131023425,True,half_bg
0000_1014_1001.png,1014,1001,77.8609455078125,30.0,76.61129623912763,4,229,0.4981458203125,138.16522497922568,183.0,66.77359551549068,True,half_bg
0000_1014_1002.png,1014,1002,71.99346404947917,40.0,69.86265931258748,2,255,0.5478216796875,118.09632772601618,124.0,64.3941938933923,True,half_bg
0000_1015_0997.png,1015,997,32.61280243489583,13.0,40.99988320310166,2,244,0.284459140625,83.0410309916544,60.0,48.12580216479285,True,half_bg
0000_1015_0998.png,1015,998,74.0182680078125,46.0,71.60343535128327,2,237,0.556843828125,119.87716121689004,120.0,66.31429594830647,True,half_bg
0000_1015_0999.png,1015,999,70.56559001302084,29.0,70.19370688314649,4,225,0.4803201692708333,128.43826666831848,152.0,61.09812309618177,True,half_bg
0000_1015_1000.png,1015,1000,73.4955644921875,29.0,73.54981524264579,4,229,0.4815065234375,133.9898816650789,176.0,63.98649086104235,True,half_bg
0000_1015_1001.png,1015,1001,72.6196743359375,47.0,68.44215947765501,2,230,0.5590029036458334,117.34168832465674,125.0,61.51600697747302,True,half_bg
0000_1015_1002.png,1015,1002,31.634927513020834,13.0,40.30867514714805,2,248,0.2666744401041667,84.4122621034924,58.0,47.51122083808578,True,half_bg
0000_1016_0999.png,1016,999,50.508907877604166,14.0,62.75999964583769,2,255,0.4149858072916667,104.10138358145406,62.0,67.39337609303432,True,half_bg
0000_1016_1000.png,1016,1000,47.636331328125,14.0,56.31849160289387,2,255,0.4101780859375,98.25252150861682,64.0,57.87810739414031,True,half_bg
